{
  "name": "custom.remote.python.pingEverySecond",
  "version": "0.8.1",
  "type": "python",
  "entity": "CUSTOM_DEVICE",
  "metricGroup": "tech.PingEverySecond",
  "technologies": ["Network"],
  "source": {
    "package": "pingEverySecond",
    "className": "PingEverySecond",
    "install_requires": ["requests>=2.6.0"],
    "activation": "Remote"
  },
  "metrics": [
  ],
  "properties" : [
 	{
	"key" : "pingAddress",
	"type" :  "String"
	},
	{
        "key" : "tenant",
        "type" :  "String"
	},
	{
	"key" : "api_token",
	"type" :  "String"
	},
	{
	"key" : "debugLevel",
	"type" :  "Integer"
	}
  ],
  "configUI": {
	"displayName": "Ping Every Second Extension",
	"properties": [
		{"key" : "pingAddress",
		"displayName" :  "ping Address",
		"displayHint": "1.1.1.1" },
		{"key" : "tenant",
		"displayName" :  "Dynatrace Tenant",
		"displayHint": "abc12345" },
		{"key" : "api_token",
		"displayName" :  "API token",
		"displayHint": "dt0c01.abcdefg..." },
		{"key" : "debugLevel",
		"displayName" :  "Debug Level",
		"displayHint": "1" }
	]
    }
}
